{"401k sp500":97572.09,"VOO":28073.4,"FXAIX":17688.82,"FSSNX":6835.03,"UNH":4187.73,"Robinhood":3467.88,"MAR":2026.76,"SCHD":1650.24,"QQQM":26823.85,"401k tech":12652.21,"NVDA":7862.619999999999,"AAPL":5642.780000000001,"AMD":4289.75,"META":2470.17,"QCOM":2264.14,"ARM":1787.08,"GOOGL":1481.8,"ORCL":1317.42,"DUOL":1255.02,"MSFT":746.92,"401k ex-us":28019.51,"Alipay Funds":10806.926233470625,"VXUS":9753.25,"VWO":2453.11,"蓝天宇代管":1458.5338353237828,"LVMUY":761.46,"TSM":11334.44,"ASML":3875.29,"FBTC":6069.4400000000005,"FETH":1666.98,"ETH":1024.02,"SGOV":24700.85,"I Bonds":22314.4,"CNY Assets":16315.381179074802,"GLDM":13393.04,"FNJHX":9805.19,"VTEB":8575.2,"VGLT":6946.6,"Debit Cash":5883.01,"FZFXX":1706.46,"SPAXX":595.14,"Gift Card":493.24,"FDRXX":73.28,"Cash":49.32}
